,date,positive,tested,death_total,death,severe,cases,recovery_total,certificate,recovery
0,2020/01/26,1.0,0.0,0.0,0.0,0.0,0.0,0.0,0.0,0.0
1,2020/01/27,0.0,0.0,0.0,0.0,0.0,0.0,0.0,0.0,0.0
2,2020/01/28,3.0,0.0,0.0,0.0,0.0,0.0,0.0,0.0,0.0
3,2020/01/29,1.0,0.0,0.0,0.0,0.0,0.0,0.0,0.0,0.0
4,2020/01/30,3.0,0.0,0.0,0.0,0.0,0.0,0.0,0.0,0.0
5,2020/01/31,0.0,0.0,0.0,0.0,0.0,0.0,0.0,0.0,0.0
6,2020/02/01,0.0,0.0,0.0,0.0,0.0,0.0,0.0,0.0,0.0
7,2020/02/02,0.0,0.0,0.0,0.0,0.0,0.0,0.0,0.0,0.0
8,2020/02/03,0.0,0.0,0.0,0.0,0.0,0.0,0.0,0.0,0.0
9,2020/02/04,1.0,0.0,0.0,0.0,0.0,0.0,0.0,0.0,0.0
10,2020/02/05,2.0,4.0,0.0,0.0,0.0,0.0,0.0,0.0,0.0
11,2020/02/06,0.0,19.0,0.0,0.0,0.0,0.0,0.0,0.0,0.0
12,2020/02/07,0.0,9.0,0.0,0.0,0.0,0.0,0.0,0.0,0.0
13,2020/02/08,0.0,4.0,0.0,0.0,0.0,0.0,0.0,0.0,0.0
14,2020/02/09,0.0,10.0,0.0,0.0,0.0,0.0,0.0,0.0,0.0
15,2020/02/10,0.0,12.0,0.0,0.0,0.0,0.0,0.0,0.0,0.0
16,2020/02/11,1.0,4.0,0.0,0.0,0.0,0.0,0.0,0.0,0.0
17,2020/02/12,1.0,10.0,0.0,0.0,0.0,0.0,0.0,0.0,0.0
18,2020/02/13,3.0,16.0,0.0,0.0,0.0,0.0,0.0,0.0,0.0
19,2020/02/14,5.0,43.0,0.0,0.0,0.0,0.0,0.0,0.0,0.0
20,2020/02/15,4.0,86.0,0.0,0.0,0.0,0.0,0.0,0.0,0.0
21,2020/02/16,1.0,65.0,0.0,0.0,0.0,0.0,0.0,0.0,0.0
22,2020/02/17,6.0,113.0,0.0,0.0,0.0,0.0,0.0,0.0,0.0
23,2020/02/18,8.0,9.0,0.0,0.0,0.0,0.0,0.0,0.0,0.0
24,2020/02/19,9.0,71.0,0.0,0.0,0.0,0.0,0.0,0.0,0.0
25,2020/02/20,8.0,90.0,0.0,0.0,0.0,0.0,0.0,0.0,0.0
26,2020/02/21,13.0,85.0,0.0,0.0,0.0,0.0,0.0,0.0,0.0
27,2020/02/22,23.0,96.0,0.0,0.0,0.0,0.0,0.0,0.0,0.0
28,2020/02/23,10.0,39.0,0.0,0.0,0.0,0.0,0.0,0.0,0.0
29,2020/02/24,16.0,104.0,0.0,0.0,0.0,0.0,0.0,0.0,0.0
30,2020/02/25,8.0,44.0,0.0,0.0,0.0,0.0,0.0,0.0,0.0
31,2020/02/26,22.0,168.0,0.0,0.0,0.0,0.0,0.0,0.0,0.0
32,2020/02/27,24.0,151.0,0.0,0.0,0.0,0.0,0.0,0.0,0.0
33,2020/02/28,19.0,130.0,0.0,0.0,0.0,0.0,0.0,0.0,0.0
34,2020/02/29,9.0,178.0,0.0,0.0,0.0,0.0,0.0,0.0,0.0
35,2020/03/01,14.0,96.0,0.0,0.0,0.0,0.0,0.0,0.0,0.0
36,2020/03/02,14.0,71.0,0.0,0.0,0.0,0.0,0.0,0.0,0.0
37,2020/03/03,22.0,153.0,0.0,0.0,0.0,0.0,0.0,0.0,0.0
38,2020/03/04,34.0,3940.0,0.0,0.0,0.0,0.0,0.0,0.0,0.0
39,2020/03/05,33.0,699.0,0.0,0.0,0.0,0.0,0.0,0.0,0.0
40,2020/03/06,54.0,553.0,0.0,0.0,0.0,0.0,0.0,0.0,0.0
41,2020/03/07,44.0,147.0,0.0,0.0,0.0,0.0,0.0,0.0,0.0
42,2020/03/08,35.0,110.0,0.0,0.0,0.0,0.0,0.0,0.0,0.0
43,2020/03/09,27.0,1314.0,0.0,0.0,0.0,0.0,0.0,0.0,0.0
44,2020/03/10,60.0,424.0,0.0,0.0,0.0,0.0,0.0,0.0,0.0
45,2020/03/11,52.0,181.0,0.0,0.0,0.0,0.0,0.0,0.0,0.0
46,2020/03/12,55.0,1855.0,0.0,0.0,0.0,0.0,0.0,0.0,0.0
47,2020/03/13,34.0,859.0,0.0,0.0,0.0,0.0,0.0,0.0,0.0
48,2020/03/14,62.0,107.0,0.0,0.0,0.0,0.0,0.0,0.0,0.0
49,2020/03/15,29.0,42.0,0.0,0.0,0.0,0.0,0.0,0.0,0.0
50,2020/03/16,16.0,2083.0,0.0,0.0,0.0,0.0,0.0,0.0,0.0
51,2020/03/17,45.0,203.0,0.0,0.0,0.0,0.0,0.0,0.0,0.0
52,2020/03/18,39.0,0.0,0.0,0.0,0.0,0.0,0.0,0.0,0.0
53,2020/03/19,39.0,3490.0,0.0,0.0,0.0,0.0,0.0,0.0,0.0
54,2020/03/20,52.0,119.0,0.0,0.0,0.0,0.0,0.0,0.0,0.0
55,2020/03/21,35.0,132.0,0.0,0.0,0.0,0.0,0.0,0.0,0.0
56,2020/03/22,45.0,56.0,0.0,0.0,0.0,0.0,0.0,0.0,0.0
57,2020/03/23,39.0,3862.0,0.0,0.0,0.0,0.0,0.0,0.0,0.0
58,2020/03/24,89.0,0.0,0.0,0.0,0.0,0.0,0.0,0.0,0.0
59,2020/03/25,93.0,674.0,0.0,0.0,0.0,0.0,0.0,0.0,0.0
60,2020/03/26,93.0,1805.0,0.0,0.0,0.0,0.0,0.0,0.0,0.0
61,2020/03/27,96.0,1442.0,0.0,0.0,0.0,0.0,0.0,0.0,0.0
62,2020/03/28,222.0,296.0,0.0,0.0,0.0,0.0,0.0,0.0,0.0
63,2020/03/29,151.0,206.0,0.0,0.0,0.0,0.0,0.0,0.0,0.0
64,2020/03/30,80.0,3481.0,0.0,0.0,0.0,0.0,0.0,0.0,0.0
65,2020/03/31,227.0,1914.0,0.0,0.0,0.0,0.0,0.0,0.0,0.0
66,2020/04/01,257.0,0.0,0.0,0.0,0.0,0.0,0.0,0.0,0.0
67,2020/04/02,281.0,4685.0,0.0,0.0,0.0,0.0,0.0,0.0,0.0
68,2020/04/03,353.0,3305.0,0.0,0.0,0.0,0.0,0.0,0.0,0.0
69,2020/04/04,365.0,271.0,0.0,0.0,0.0,0.0,0.0,0.0,0.0
70,2020/04/05,346.0,218.0,0.0,0.0,0.0,0.0,0.0,0.0,0.0
71,2020/04/06,248.0,7876.0,0.0,0.0,0.0,0.0,0.0,0.0,0.0
72,2020/04/07,365.0,4544.0,0.0,0.0,0.0,0.0,0.0,0.0,0.0
73,2020/04/08,522.0,1383.0,0.0,0.0,0.0,0.0,0.0,0.0,0.0
74,2020/04/09,574.0,2841.0,0.0,0.0,0.0,0.0,0.0,0.0,0.0
75,2020/04/10,640.0,5389.0,0.0,0.0,0.0,0.0,0.0,0.0,0.0
76,2020/04/11,644.0,1644.0,0.0,0.0,0.0,0.0,0.0,0.0,0.0
77,2020/04/12,486.0,57.0,0.0,0.0,0.0,0.0,0.0,0.0,0.0
78,2020/04/13,387.0,9252.0,0.0,0.0,0.0,0.0,0.0,0.0,0.0
79,2020/04/14,446.0,8255.0,0.0,0.0,0.0,0.0,0.0,0.0,0.0
80,2020/04/15,552.0,693.0,0.0,0.0,0.0,0.0,0.0,0.0,0.0
81,2020/04/16,558.0,5325.0,0.0,0.0,0.0,0.0,0.0,0.0,0.0
82,2020/04/17,572.0,4149.0,0.0,0.0,0.0,0.0,0.0,0.0,0.0
83,2020/04/18,577.0,1004.0,0.0,0.0,0.0,0.0,0.0,0.0,0.0
84,2020/04/19,377.0,2953.0,0.0,0.0,0.0,0.0,0.0,0.0,0.0
85,2020/04/20,346.0,6816.0,0.0,0.0,0.0,0.0,0.0,0.0,0.0
86,2020/04/21,389.0,5542.0,0.0,0.0,0.0,0.0,0.0,0.0,0.0
87,2020/04/22,446.0,4415.0,0.0,0.0,0.0,0.0,0.0,0.0,0.0
88,2020/04/23,439.0,5349.0,0.0,0.0,0.0,0.0,0.0,0.0,0.0
89,2020/04/24,444.0,5187.0,0.0,0.0,0.0,0.0,0.0,0.0,0.0
90,2020/04/25,371.0,1250.0,0.0,0.0,0.0,0.0,0.0,0.0,0.0
91,2020/04/26,224.0,1136.0,0.0,0.0,0.0,0.0,0.0,0.0,0.0
92,2020/04/27,182.0,8545.0,0.0,0.0,0.0,0.0,0.0,0.0,0.0
93,2020/04/28,279.0,3244.0,0.0,0.0,0.0,0.0,0.0,0.0,0.0
94,2020/04/29,217.0,879.0,0.0,0.0,0.0,0.0,0.0,0.0,0.0
95,2020/04/30,202.0,8126.0,0.0,0.0,0.0,0.0,0.0,0.0,0.0
96,2020/05/01,282.0,6820.0,0.0,0.0,0.0,0.0,0.0,0.0,0.0
97,2020/05/02,288.0,880.0,0.0,0.0,0.0,0.0,0.0,0.0,0.0
98,2020/05/03,195.0,1012.0,0.0,0.0,0.0,0.0,0.0,0.0,0.0
99,2020/05/04,181.0,1332.0,0.0,0.0,0.0,0.0,0.0,0.0,0.0
100,2020/05/05,119.0,1569.0,0.0,0.0,0.0,0.0,0.0,0.0,0.0
101,2020/05/06,104.0,447.0,0.0,0.0,0.0,0.0,0.0,0.0,0.0
102,2020/05/07,107.0,13005.0,0.0,0.0,0.0,0.0,0.0,0.0,0.0
103,2020/05/08,88.0,10680.0,0.0,0.0,0.0,0.0,0.0,0.0,0.0
104,2020/05/09,108.0,2265.0,613.0,0.0,267.0,6250.0,8276.0,442.0,0.0
105,2020/05/10,66.0,3995.0,621.0,8.0,249.0,6074.0,8514.0,422.0,238.0
106,2020/05/11,58.0,5993.0,643.0,22.0,243.0,5914.0,8903.0,247.0,389.0
107,2020/05/12,87.0,288.0,668.0,25.0,259.0,5162.0,9851.0,174.0,948.0
108,2020/05/13,55.0,10074.0,687.0,19.0,245.0,4732.0,10321.0,169.0,470.0
109,2020/05/14,99.0,5866.0,710.0,23.0,237.0,4339.0,10792.0,182.0,471.0
110,2020/05/15,55.0,3092.0,725.0,15.0,232.0,4025.0,11136.0,181.0,344.0
111,2020/05/16,56.0,4337.0,744.0,19.0,230.0,3787.0,11398.0,184.0,262.0
112,2020/05/17,29.0,4987.0,749.0,5.0,228.0,3667.0,11547.0,169.0,149.0
113,2020/05/18,30.0,5980.0,763.0,14.0,213.0,3400.0,11867.0,164.0,320.0
114,2020/05/19,32.0,3221.0,771.0,8.0,210.0,3009.0,12269.0,165.0,402.0
115,2020/05/20,37.0,3669.0,777.0,6.0,195.0,2799.0,12655.0,24.0,386.0
116,2020/05/21,45.0,4580.0,796.0,19.0,176.0,2495.0,12988.0,64.0,333.0
117,2020/05/22,30.0,3495.0,808.0,12.0,174.0,2293.0,13227.0,36.0,239.0
118,2020/05/23,30.0,2769.0,820.0,12.0,168.0,2130.0,13396.0,31.0,169.0
119,2020/05/24,40.0,1252.0,830.0,10.0,165.0,2111.0,13446.0,20.0,50.0
120,2020/05/25,22.0,3620.0,846.0,16.0,155.0,1939.0,13643.0,20.0,197.0
121,2020/05/26,27.0,2994.0,858.0,12.0,147.0,1788.0,13806.0,21.0,163.0
122,2020/05/27,37.0,3004.0,867.0,9.0,136.0,1637.0,13979.0,19.0,173.0
123,2020/05/28,62.0,3981.0,874.0,7.0,131.0,1556.0,14085.0,21.0,106.0
124,2020/05/29,63.0,3501.0,886.0,12.0,123.0,1466.0,14237.0,22.0,152.0
125,2020/05/30,46.0,2652.0,891.0,5.0,119.0,1452.0,14290.0,21.0,53.0
126,2020/05/31,33.0,1657.0,892.0,1.0,115.0,1436.0,14333.0,22.0,43.0
127,2020/06/01,36.0,3789.0,894.0,2.0,113.0,1341.0,14481.0,12.0,148.0
128,2020/06/02,51.0,4526.0,900.0,6.0,101.0,1272.0,14605.0,12.0,124.0
129,2020/06/03,26.0,3979.0,903.0,3.0,102.0,1207.0,14690.0,12.0,85.0
130,2020/06/04,45.0,4600.0,907.0,4.0,98.0,1141.0,14795.0,12.0,105.0
131,2020/06/05,41.0,4939.0,914.0,7.0,99.0,1064.0,14901.0,12.0,106.0
132,2020/06/06,45.0,3220.0,916.0,2.0,98.0,1042.0,14961.0,11.0,60.0
133,2020/06/07,32.0,1725.0,916.0,0.0,99.0,1060.0,14970.0,11.0,9.0
134,2020/06/08,22.0,4516.0,916.0,0.0,92.0,1028.0,15035.0,12.0,65.0
135,2020/06/09,30.0,4600.0,919.0,3.0,91.0,965.0,15120.0,12.0,85.0
136,2020/06/10,36.0,5092.0,920.0,1.0,88.0,923.0,15200.0,12.0,80.0
137,2020/06/11,40.0,4573.0,922.0,2.0,82.0,854.0,15308.0,10.0,108.0
138,2020/06/12,57.0,5145.0,924.0,2.0,76.0,810.0,15395.0,9.0,87.0
139,2020/06/13,43.0,2633.0,925.0,1.0,73.0,801.0,15451.0,6.0,56.0
140,2020/06/14,62.0,1451.0,925.0,0.0,71.0,819.0,15493.0,5.0,42.0
141,2020/06/15,60.0,4300.0,927.0,2.0,80.0,871.0,15508.0,9.0,15.0
142,2020/06/16,42.0,4462.0,931.0,4.0,70.0,760.0,15657.0,6.0,149.0
143,2020/06/17,43.0,1348.0,935.0,4.0,62.0,712.0,15737.0,7.0,80.0
144,2020/06/18,68.0,6176.0,935.0,0.0,62.0,707.0,15811.0,7.0,74.0
145,2020/06/19,54.0,4823.0,952.0,17.0,61.0,677.0,15880.0,7.0,69.0
146,2020/06/20,65.0,2474.0,953.0,1.0,59.0,711.0,15911.0,6.0,31.0
147,2020/06/21,48.0,4127.0,953.0,0.0,59.0,732.0,15936.0,5.0,25.0
148,2020/06/22,40.0,5376.0,955.0,2.0,62.0,706.0,16007.0,7.0,71.0
149,2020/06/23,53.0,3722.0,963.0,8.0,60.0,698.0,16058.0,8.0,51.0
150,2020/06/24,89.0,4979.0,967.0,4.0,58.0,713.0,16116.0,10.0,58.0
151,2020/06/25,79.0,4455.0,968.0,1.0,51.0,727.0,16188.0,7.0,72.0
152,2020/06/26,99.0,4758.0,970.0,2.0,48.0,757.0,16248.0,8.0,60.0
153,2020/06/27,88.0,3533.0,970.0,0.0,45.0,790.0,16301.0,8.0,53.0
154,2020/06/28,111.0,1513.0,971.0,1.0,43.0,822.0,16353.0,8.0,52.0
155,2020/06/29,110.0,5510.0,971.0,0.0,42.0,869.0,16424.0,10.0,71.0
156,2020/06/30,132.0,4651.0,973.0,2.0,40.0,897.0,16522.0,8.0,98.0
157,2020/07/01,125.0,6564.0,974.0,1.0,37.0,1006.0,16563.0,8.0,41.0
158,2020/07/02,194.0,5460.0,975.0,1.0,33.0,1105.0,16654.0,7.0,91.0
159,2020/07/03,249.0,6597.0,976.0,1.0,32.0,1224.0,16747.0,7.0,93.0
160,2020/07/04,268.0,3134.0,976.0,0.0,33.0,1386.0,16838.0,26.0,91.0
161,2020/07/05,195.0,2618.0,976.0,0.0,34.0,1552.0,16892.0,11.0,54.0
162,2020/07/06,174.0,8228.0,977.0,1.0,36.0,1671.0,16981.0,11.0,89.0
163,2020/07/07,203.0,7099.0,979.0,2.0,35.0,1721.0,17115.0,9.0,134.0
164,2020/07/08,203.0,7725.0,980.0,1.0,38.0,1776.0,17250.0,11.0,135.0
165,2020/07/09,352.0,7700.0,981.0,1.0,31.0,1929.0,17436.0,14.0,186.0
166,2020/07/10,418.0,8955.0,981.0,0.0,33.0,2139.0,17633.0,14.0,197.0
167,2020/07/11,374.0,5362.0,981.0,0.0,32.0,2339.0,17787.0,11.0,154.0
168,2020/07/12,390.0,1838.0,981.0,0.0,34.0,2587.0,17887.0,9.0,100.0
169,2020/07/13,246.0,10552.0,981.0,0.0,40.0,2754.0,18066.0,17.0,179.0
170,2020/07/14,326.0,11154.0,983.0,2.0,38.0,2789.0,18312.0,15.0,246.0
171,2020/07/15,438.0,11343.0,984.0,1.0,37.0,2885.0,18580.0,11.0,268.0
172,2020/07/16,619.0,16683.0,984.0,0.0,39.0,3191.0,18862.0,32.0,282.0
173,2020/07/17,588.0,12994.0,984.0,0.0,41.0,3560.0,19132.0,20.0,270.0
174,2020/07/18,654.0,7166.0,984.0,0.0,43.0,3865.0,19342.0,12.0,210.0
175,2020/07/19,501.0,3262.0,984.0,0.0,47.0,4113.0,19523.0,14.0,181.0
176,2020/07/20,405.0,15959.0,987.0,3.0,52.0,4345.0,19921.0,16.0,398.0
177,2020/07/21,618.0,12114.0,988.0,1.0,55.0,4421.0,20403.0,7.0,482.0
178,2020/07/22,792.0,16357.0,989.0,1.0,59.0,4751.0,20787.0,14.0,384.0
179,2020/07/23,966.0,8310.0,991.0,2.0,68.0,5369.0,21080.0,11.0,293.0
180,2020/07/24,766.0,5695.0,992.0,1.0,64.0,5949.0,21319.0,16.0,239.0
181,2020/07/25,796.0,9530.0,995.0,3.0,66.0,6315.0,21514.0,33.0,195.0
182,2020/07/26,834.0,3785.0,995.0,0.0,67.0,6573.0,21868.0,22.0,354.0
183,2020/07/27,583.0,24182.0,997.0,2.0,76.0,6828.0,22560.0,27.0,692.0
184,2020/07/28,971.0,18086.0,1000.0,3.0,81.0,7063.0,23256.0,22.0,696.0
185,2020/07/29,1245.0,18669.0,1003.0,3.0,90.0,7508.0,23928.0,26.0,672.0
186,2020/07/30,1305.0,19687.0,1005.0,2.0,87.0,8062.0,24678.0,37.0,750.0
187,2020/07/31,1575.0,17354.0,1010.0,5.0,80.0,8945.0,25253.0,39.0,575.0
188,2020/08/01,1537.0,9606.0,1011.0,1.0,84.0,9950.0,25839.0,38.0,586.0
189,2020/08/02,1325.0,10599.0,1011.0,0.0,83.0,10330.0,26236.0,176.0,397.0
190,2020/08/03,941.0,25794.0,1015.0,4.0,88.0,9887.0,26943.0,1449.0,707.0
191,2020/08/04,1240.0,18740.0,1021.0,6.0,104.0,11337.0,27772.0,433.0,829.0
192,2020/08/05,1344.0,39723.0,1025.0,4.0,116.0,11881.0,28739.0,105.0,967.0
193,2020/08/06,1479.0,22015.0,1032.0,7.0,132.0,12167.0,29915.0,101.0,1176.0
194,2020/08/07,1597.0,22698.0,1036.0,4.0,139.0,12382.0,30961.0,181.0,1046.0
195,2020/08/08,1521.0,13676.0,1039.0,3.0,156.0,13011.0,32059.0,-21.0,1098.0
196,2020/08/09,1485.0,13336.0,1046.0,7.0,162.0,13633.0,32805.0,626.0,746.0
197,2020/08/10,829.0,6440.0,1051.0,5.0,171.0,13724.0,33722.0,701.0,917.0
198,2020/08/11,691.0,32939.0,1058.0,7.0,177.0,13612.0,34635.0,241.0,913.0
199,2020/08/12,969.0,25782.0,1062.0,4.0,203.0,13289.0,35858.0,247.0,1223.0
200,2020/08/13,1175.0,21062.0,1072.0,10.0,211.0,13043.0,37165.0,245.0,1307.0
201,2020/08/14,1355.0,55240.0,1084.0,12.0,229.0,12984.0,38600.0,307.0,1435.0
202,2020/08/15,1233.0,11750.0,1087.0,3.0,232.0,13084.0,39715.0,400.0,1115.0
203,2020/08/16,1015.0,7438.0,1098.0,11.0,242.0,13020.0,40794.0,466.0,1079.0
204,2020/08/17,630.0,25835.0,1114.0,16.0,243.0,12778.0,41853.0,229.0,1059.0
205,2020/08/18,903.0,21130.0,1127.0,13.0,239.0,12097.0,43379.0,241.0,1526.0
206,2020/08/19,1078.0,21937.0,1143.0,16.0,237.0,11702.0,44771.0,176.0,1392.0
207,2020/08/20,1176.0,21889.0,1154.0,11.0,247.0,11727.0,45938.0,207.0,1167.0
208,2020/08/21,1035.0,21866.0,1168.0,14.0,246.0,11615.0,47045.0,182.0,1107.0
209,2020/08/22,985.0,13348.0,1175.0,7.0,258.0,11747.0,47946.0,167.0,901.0
210,2020/08/23,737.0,10953.0,1180.0,5.0,262.0,11731.0,48716.0,167.0,770.0
211,2020/08/24,491.0,22051.0,1195.0,15.0,255.0,11225.0,49794.0,182.0,1078.0
212,2020/08/25,709.0,18238.0,1208.0,13.0,251.0,10663.0,51034.0,181.0,1240.0
213,2020/08/26,893.0,19353.0,1225.0,17.0,243.0,10323.0,52169.0,214.0,1135.0
214,2020/08/27,870.0,21546.0,1237.0,12.0,232.0,10127.0,53318.0,257.0,1149.0
215,2020/08/28,869.0,18597.0,1254.0,17.0,233.0,9708.0,54650.0,69.0,1332.0
216,2020/08/29,841.0,12915.0,1263.0,9.0,237.0,9705.0,55471.0,78.0,821.0
217,2020/08/30,598.0,9577.0,1278.0,15.0,239.0,9658.0,56109.0,72.0,638.0
218,2020/08/31,430.0,21529.0,1295.0,17.0,237.0,9142.0,57130.0,66.0,1021.0
219,2020/09/01,624.0,18131.0,1306.0,11.0,228.0,9111.0,57735.0,72.0,605.0
220,2020/09/02,585.0,24123.0,1318.0,12.0,221.0,8608.0,58827.0,80.0,1092.0
221,2020/09/03,654.0,22991.0,1329.0,11.0,217.0,8371.0,59720.0,80.0,893.0
222,2020/09/04,582.0,15457.0,1348.0,19.0,214.0,7965.0,60726.0,58.0,1006.0
223,2020/09/05,598.0,11930.0,1356.0,8.0,215.0,7917.0,61357.0,16.0,631.0
224,2020/09/06,447.0,4175.0,1362.0,6.0,214.0,7877.0,61817.0,19.0,460.0
225,2020/09/07,285.0,24012.0,1376.0,14.0,207.0,7449.0,62563.0,48.0,746.0
226,2020/09/08,510.0,14637.0,1392.0,16.0,207.0,7108.0,63381.0,42.0,818.0
227,2020/09/09,507.0,23072.0,1405.0,13.0,202.0,6849.0,64116.0,41.0,735.0
228,2020/09/10,709.0,22306.0,1411.0,6.0,195.0,6771.0,64871.0,33.0,755.0
229,2020/09/11,637.0,16479.0,1422.0,11.0,194.0,6693.0,65561.0,40.0,690.0
230,2020/09/12,639.0,10545.0,1438.0,16.0,184.0,6763.0,66180.0,99.0,619.0
231,2020/09/13,438.0,472.0,1441.0,3.0,190.0,6849.0,66504.0,75.0,324.0
232,2020/09/14,262.0,25446.0,1450.0,9.0,179.0,6573.0,67073.0,69.0,569.0
233,2020/09/15,530.0,20163.0,1460.0,10.0,183.0,6353.0,67754.0,73.0,681.0
234,2020/09/16,543.0,18314.0,1472.0,12.0,172.0,6179.0,68473.0,71.0,719.0
235,2020/09/17,478.0,23313.0,1481.0,9.0,176.0,6018.0,69117.0,62.0,644.0
236,2020/09/18,569.0,17605.0,1494.0,13.0,166.0,6032.0,69700.0,75.0,583.0
237,2020/09/19,592.0,9530.0,1499.0,5.0,165.0,6027.0,70231.0,55.0,531.0
238,2020/09/20,469.0,6153.0,1499.0,0.0,169.0,6132.0,70597.0,58.0,366.0
239,2020/09/21,306.0,2778.0,1507.0,8.0,169.0,6169.0,70841.0,76.0,244.0
240,2020/09/22,321.0,3386.0,1511.0,4.0,170.0,6126.0,71174.0,92.0,333.0
241,2020/09/23,216.0,26925.0,1519.0,8.0,170.0,5905.0,71699.0,45.0,525.0
242,2020/09/24,475.0,19021.0,1531.0,12.0,167.0,5384.0,72643.0,59.0,944.0
243,2020/09/25,567.0,28526.0,1539.0,8.0,160.0,5265.0,73304.0,48.0,661.0
244,2020/09/26,634.0,10522.0,1544.0,5.0,164.0,5451.0,73739.0,51.0,435.0
245,2020/09/27,478.0,4550.0,1547.0,3.0,163.0,5501.0,74122.0,51.0,383.0
246,2020/09/28,294.0,19750.0,1556.0,9.0,165.0,5379.0,74589.0,55.0,467.0
247,2020/09/29,527.0,103676.0,1563.0,7.0,155.0,5330.0,75151.0,55.0,562.0
248,2020/09/30,569.0,19462.0,1570.0,7.0,155.0,5304.0,75708.0,61.0,557.0
249,2020/10/01,619.0,17671.0,1577.0,7.0,149.0,5326.0,76327.0,52.0,619.0
250,2020/10/02,537.0,21860.0,1589.0,12.0,141.0,5281.0,76913.0,44.0,586.0
251,2020/10/03,562.0,13684.0,1596.0,7.0,137.0,5319.0,77414.0,55.0,501.0
252,2020/10/04,394.0,4928.0,1598.0,2.0,135.0,5406.0,77698.0,65.0,284.0
253,2020/10/05,269.0,21865.0,1601.0,3.0,144.0,5260.0,78148.0,75.0,450.0
254,2020/10/06,495.0,20435.0,1604.0,3.0,145.0,5131.0,78750.0,64.0,602.0
255,2020/10/07,502.0,21401.0,1612.0,8.0,147.0,5056.0,79301.0,53.0,551.0
256,2020/10/08,623.0,21397.0,1615.0,3.0,145.0,5160.0,79807.0,58.0,506.0
257,2020/10/09,594.0,19697.0,1623.0,8.0,151.0,5120.0,80425.0,83.0,618.0
258,2020/10/10,666.0,10803.0,1626.0,3.0,149.0,5292.0,80893.0,85.0,468.0
259,2020/10/11,431.0,5077.0,1628.0,2.0,150.0,5443.0,81182.0,75.0,289.0
260,2020/10/12,272.0,23235.0,1633.0,5.0,152.0,5245.0,81690.0,91.0,508.0
261,2020/10/13,491.0,19828.0,1637.0,4.0,154.0,5162.0,82223.0,92.0,533.0
262,2020/10/14,550.0,21837.0,1645.0,8.0,150.0,5054.0,82899.0,81.0,676.0
263,2020/10/15,703.0,20737.0,1649.0,4.0,152.0,5176.0,83509.0,64.0,610.0
264,2020/10/16,633.0,20701.0,1660.0,11.0,152.0,5205.0,84088.0,62.0,579.0
265,2020/10/17,611.0,9896.0,1669.0,9.0,149.0,5326.0,84535.0,68.0,447.0
266,2020/10/18,422.0,5123.0,1673.0,4.0,148.0,5375.0,84961.0,94.0,426.0
267,2020/10/19,313.0,21920.0,1675.0,2.0,146.0,5174.0,85518.0,86.0,557.0
268,2020/10/20,475.0,15486.0,1678.0,3.0,153.0,5031.0,86100.0,78.0,582.0
269,2020/10/21,611.0,22144.0,1684.0,6.0,153.0,5038.0,86648.0,83.0,548.0
270,2020/10/22,609.0,23418.0,1693.0,9.0,154.0,5071.0,87227.0,73.0,579.0
271,2020/10/23,742.0,22880.0,1705.0,12.0,156.0,5220.0,87765.0,66.0,538.0
272,2020/10/24,712.0,13211.0,1710.0,5.0,160.0,5440.0,88237.0,55.0,472.0
273,2020/10/25,486.0,5427.0,1717.0,7.0,163.0,5507.0,88658.0,98.0,421.0
274,2020/10/26,401.0,22602.0,1724.0,7.0,166.0,5503.0,89092.0,69.0,434.0
275,2020/10/27,646.0,25714.0,1729.0,5.0,167.0,5448.0,89746.0,81.0,654.0
276,2020/10/28,724.0,23064.0,1732.0,3.0,162.0,5642.0,90251.0,108.0,505.0
277,2020/10/29,803.0,20504.0,1743.0,11.0,157.0,5848.0,90811.0,89.0,560.0
278,2020/10/30,767.0,21782.0,1754.0,11.0,162.0,6012.0,91392.0,96.0,581.0
279,2020/10/31,866.0,11398.0,1765.0,11.0,161.0,6247.0,91877.0,112.0,485.0
280,2020/11/01,603.0,6214.0,1773.0,8.0,164.0,6475.0,92300.0,116.0,423.0
281,2020/11/02,480.0,21535.0,1779.0,6.0,164.0,6470.0,92760.0,123.0,460.0
282,2020/11/03,860.0,7477.0,1785.0,6.0,166.0,6635.0,93192.0,137.0,432.0
283,2020/11/04,606.0,21840.0,1793.0,8.0,184.0,6708.0,94003.0,159.0,811.0
284,2020/11/05,1046.0,29533.0,1805.0,12.0,190.0,7076.0,94637.0,68.0,634.0
285,2020/11/06,1137.0,28237.0,1808.0,3.0,195.0,7503.0,95330.0,73.0,693.0
286,2020/11/07,1301.0,13460.0,1811.0,3.0,197.0,7905.0,96057.0,86.0,727.0
287,2020/11/08,934.0,8004.0,1817.0,6.0,205.0,8347.0,96511.0,179.0,454.0
288,2020/11/09,770.0,25476.0,1828.0,11.0,209.0,8703.0,97114.0,99.0,603.0
289,2020/11/10,1276.0,25179.0,1840.0,12.0,204.0,9049.0,97932.0,94.0,818.0
290,2020/11/11,1540.0,33681.0,1850.0,10.0,226.0,9676.0,98819.0,110.0,887.0
291,2020/11/12,1624.0,29912.0,1866.0,16.0,231.0,10244.0,99824.0,82.0,1005.0
292,2020/11/13,1703.0,24038.0,1879.0,13.0,234.0,10927.0,100789.0,102.0,965.0
293,2020/11/14,1721.0,16651.0,1882.0,3.0,243.0,11765.0,101632.0,108.0,843.0
294,2020/11/15,1428.0,9127.0,1884.0,2.0,251.0,12363.0,102454.0,131.0,822.0
295,2020/11/16,949.0,30109.0,1902.0,18.0,272.0,12570.0,103406.0,138.0,952.0
296,2020/11/17,1685.0,27634.0,1912.0,10.0,276.0,12982.0,104464.0,141.0,1058.0
297,2020/11/18,2173.0,34630.0,1921.0,9.0,280.0,13834.0,105701.0,180.0,1237.0
298,2020/11/19,2382.0,37810.0,1942.0,21.0,291.0,14709.0,107148.0,102.0,1447.0
299,2020/11/20,2425.0,41770.0,1962.0,20.0,313.0,15629.0,108608.0,103.0,1460.0
300,2020/11/21,2570.0,24924.0,1973.0,11.0,323.0,16824.0,109870.0,133.0,1262.0
301,2020/11/22,2146.0,20389.0,1980.0,7.0,331.0,17879.0,110970.0,144.0,1100.0
302,2020/11/23,1513.0,9560.0,1988.0,8.0,345.0,18393.0,112012.0,154.0,1042.0
303,2020/11/24,1219.0,43773.0,2000.0,12.0,376.0,18428.0,113394.0,165.0,1382.0
304,2020/11/25,1925.0,41052.0,2021.0,21.0,410.0,18567.0,115032.0,219.0,1638.0
305,2020/11/26,2494.0,42634.0,2050.0,29.0,435.0,19107.0,116778.0,150.0,1746.0
306,2020/11/27,2510.0,43351.0,2073.0,23.0,440.0,19511.0,118898.0,140.0,2120.0
307,2020/11/28,2667.0,22307.0,2105.0,32.0,462.0,20413.0,120530.0,149.0,1632.0
308,2020/11/29,2046.0,11975.0,2118.0,13.0,472.0,20916.0,122072.0,187.0,1542.0
309,2020/11/30,1425.0,41335.0,2138.0,20.0,493.0,20903.0,124088.0,282.0,2016.0
310,2020/12/01,2014.0,44289.0,2171.0,33.0,488.0,20602.0,125897.0,223.0,1809.0
311,2020/12/02,2419.0,43236.0,2212.0,41.0,497.0,21046.0,127814.0,239.0,1917.0
312,2020/12/03,2505.0,36823.0,2239.0,27.0,505.0,21570.0,129740.0,161.0,1926.0
313,2020/12/04,2435.0,38145.0,2282.0,43.0,520.0,21741.0,131995.0,129.0,2255.0
314,2020/12/05,2496.0,22313.0,2314.0,32.0,519.0,22251.0,133820.0,163.0,1825.0
315,2020/12/06,2010.0,17612.0,2334.0,20.0,530.0,22537.0,135434.0,203.0,1614.0
316,2020/12/07,1502.0,37737.0,2381.0,47.0,536.0,22187.0,137516.0,268.0,2082.0
317,2020/12/08,2166.0,40060.0,2419.0,38.0,555.0,22412.0,139124.0,314.0,1608.0
318,2020/12/09,2801.0,54557.0,2464.0,45.0,543.0,22683.0,141494.0,359.0,2370.0
319,2020/12/10,2966.0,44612.0,2501.0,37.0,554.0,23646.0,143491.0,332.0,1997.0
320,2020/12/11,2795.0,53834.0,2533.0,32.0,578.0,23867.0,145987.0,335.0,2496.0
321,2020/12/12,3010.0,28203.0,2561.0,28.0,583.0,24981.0,147740.0,420.0,1753.0
322,2020/12/13,2375.0,13144.0,2584.0,23.0,588.0,25536.0,149391.0,557.0,1651.0
323,2020/12/14,1681.0,53758.0,2642.0,58.0,592.0,25093.0,151949.0,646.0,2558.0
324,2020/12/15,2400.0,45817.0,2687.0,45.0,618.0,25142.0,153971.0,748.0,2022.0
325,2020/12/16,2990.0,54303.0,2738.0,51.0,605.0,25287.0,156695.0,1108.0,2724.0
326,2020/12/17,3206.0,62439.0,2782.0,44.0,609.0,25629.0,159176.0,1078.0,2481.0
327,2020/12/18,2832.0,56421.0,2827.0,45.0,598.0,26064.0,161686.0,932.0,2510.0
328,2020/12/19,3040.0,27049.0,2872.0,45.0,593.0,26743.0,163702.0,1048.0,2016.0
329,2020/12/20,2398.0,12282.0,2899.0,27.0,603.0,26816.0,165873.0,1289.0,2171.0
330,2020/12/21,1791.0,55650.0,2943.0,44.0,620.0,27147.0,167693.0,1269.0,1820.0
331,2020/12/22,2674.0,31110.0,2993.0,50.0,619.0,26863.0,170458.0,1307.0,2765.0
332,2020/12/23,3270.0,72258.0,3049.0,56.0,644.0,27077.0,173205.0,1302.0,2747.0
333,2020/12/24,3797.0,63512.0,3104.0,55.0,644.0,28154.0,176103.0,1029.0,2898.0
334,2020/12/25,3934.0,60261.0,3154.0,50.0,654.0,29278.0,178482.0,1075.0,2379.0
335,2020/12/26,3702.0,32677.0,3212.0,58.0,659.0,30369.0,180882.0,1190.0,2400.0
336,2020/12/27,2942.0,11963.0,3251.0,39.0,661.0,31098.0,182947.0,1290.0,2065.0
337,2020/12/28,2397.0,74383.0,3305.0,54.0,675.0,31694.0,185223.0,1308.0,2276.0
338,2020/12/29,3609.0,24850.0,3348.0,43.0,668.0,32477.0,187739.0,1414.0,2516.0
339,2020/12/30,3884.0,21069.0,3413.0,65.0,681.0,34037.0,189695.0,1473.0,1956.0
340,2020/12/31,4500.0,39575.0,3459.0,46.0,716.0,36052.0,191949.0,1619.0,2254.0
341,2021/01/01,3248.0,25072.0,3513.0,54.0,711.0,37187.0,194650.0,1360.0,2701.0
342,2021/01/02,3057.0,8746.0,3547.0,34.0,714.0,38031.0,196693.0,1343.0,2043.0
343,2021/01/03,3139.0,20291.0,3598.0,51.0,731.0,38729.0,198874.0,1293.0,2181.0
344,2021/01/04,3330.0,84338.0,3654.0,56.0,771.0,39905.0,201606.0,1050.0,2732.0
345,2021/01/05,4958.0,88446.0,3718.0,64.0,784.0,40908.0,205212.0,909.0,3606.0
346,2021/01/06,6066.0,73967.0,3790.0,72.0,796.0,43423.0,208621.0,1068.0,3409.0
347,2021/01/07,7793.0,81440.0,3856.0,66.0,826.0,46780.0,211900.0,1077.0,3279.0
348,2021/01/08,8045.0,63373.0,3931.0,75.0,827.0,51125.0,215527.0,914.0,3627.0
349,2021/01/09,7528.0,35730.0,3995.0,64.0,852.0,55238.0,218676.0,1085.0,3149.0
350,2021/01/10,6130.0,24008.0,4043.0,48.0,864.0,58622.0,221087.0,1218.0,2411.0
351,2021/01/11,4901.0,19942.0,4093.0,50.0,881.0,61449.0,223509.0,1380.0,2422.0
352,2021/01/12,4630.0,86551.0,4144.0,51.0,900.0,62930.0,227174.0,1298.0,3665.0
353,2021/01/13,6086.0,81255.0,4232.0,88.0,920.0,63648.0,231747.0,1438.0,4573.0
354,2021/01/14,6749.0,101255.0,4314.0,82.0,934.0,65118.0,236545.0,1468.0,4798.0
355,2021/01/15,6795.0,70610.0,4379.0,65.0,965.0,66628.0,242041.0,1100.0,5496.0
356,2021/01/16,7028.0,44662.0,4445.0,66.0,972.0,68321.0,246537.0,1203.0,4496.0
357,2021/01/17,5758.0,16038.0,4500.0,55.0,973.0,69983.0,250833.0,1164.0,4296.0
358,2021/01/18,4947.0,80773.0,4547.0,47.0,1001.0,71129.0,255764.0,1267.0,4931.0
359,2021/01/19,5355.0,103313.0,4646.0,99.0,1014.0,69352.0,263026.0,1280.0,7262.0
360,2021/01/20,5643.0,86804.0,4742.0,96.0,1014.0,66436.0,271216.0,1222.0,8190.0
361,2021/01/21,5743.0,85769.0,4829.0,87.0,1011.0,66106.0,277225.0,1337.0,6009.0
362,2021/01/22,4821.0,101273.0,4934.0,105.0,1009.0,65152.0,283522.0,967.0,6297.0
363,2021/01/23,4711.0,37116.0,5018.0,84.0,1007.0,64535.0,288536.0,920.0,5014.0
364,2021/01/24,3988.0,18784.0,5083.0,65.0,1017.0,63663.0,293420.0,956.0,4884.0
365,2021/01/25,2760.0,81941.0,5157.0,74.0,996.0,60933.0,299514.0,836.0,6094.0
366,2021/01/26,3851.0,66335.0,5251.0,94.0,1043.0,58007.0,306117.0,800.0,6603.0
367,2021/01/27,3968.0,90824.0,5360.0,109.0,1032.0,55515.0,312385.0,676.0,6268.0
368,2021/01/28,4122.0,64332.0,5450.0,90.0,1014.0,53532.0,318190.0,662.0,5805.0
369,2021/01/29,3547.0,82296.0,5544.0,94.0,974.0,51764.0,323518.0,473.0,5328.0
370,2021/01/30,3330.0,40425.0,5652.0,108.0,973.0,50422.0,328391.0,471.0,4873.0
371,2021/01/31,2673.0,17772.0,5720.0,68.0,975.0,49430.0,332049.0,451.0,3658.0
372,2021/02/01,1782.0,67269.0,5792.0,72.0,937.0,46319.0,337295.0,441.0,5246.0
373,2021/02/02,2321.0,59110.0,5910.0,118.0,897.0,43743.0,342045.0,499.0,4750.0
374,2021/02/03,2648.0,68807.0,6018.0,108.0,892.0,41028.0,347235.0,477.0,5190.0
375,2021/02/04,2574.0,61902.0,6133.0,115.0,877.0,38332.0,352368.0,393.0,5133.0
376,2021/02/05,2371.0,71144.0,6241.0,108.0,815.0,36288.0,356752.0,323.0,4384.0
377,2021/02/06,2277.0,33043.0,6336.0,95.0,795.0,34876.0,360108.0,280.0,3356.0
378,2021/02/07,1627.0,18191.0,6393.0,57.0,773.0,33400.0,363110.0,296.0,3002.0
379,2021/02/08,1215.0,58499.0,6474.0,81.0,759.0,31536.0,366680.0,340.0,3570.0
380,2021/02/09,1568.0,78153.0,6555.0,81.0,736.0,29199.0,370398.0,401.0,3718.0
381,2021/02/10,1885.0,65352.0,6676.0,121.0,713.0,27889.0,373314.0,364.0,2916.0
382,2021/02/11,1689.0,32865.0,6772.0,96.0,701.0,26993.0,375872.0,345.0,2558.0
383,2021/02/12,1297.0,56650.0,6847.0,75.0,693.0,25376.0,378414.0,696.0,2542.0
384,2021/02/13,1355.0,30220.0,6910.0,63.0,668.0,24489.0,380730.0,870.0,2316.0
385,2021/02/14,1360.0,14716.0,6950.0,40.0,658.0,23374.0,382938.0,761.0,2208.0
386,2021/02/15,964.0,58421.0,7013.0,63.0,644.0,22614.0,385577.0,681.0,2639.0
387,2021/02/16,1305.0,59849.0,7100.0,87.0,607.0,20331.0,389042.0,727.0,3465.0
388,2021/02/17,1443.0,61138.0,7194.0,94.0,564.0,19272.0,391321.0,726.0,2279.0
389,2021/02/18,1540.0,54504.0,7272.0,78.0,547.0,18870.0,393318.0,750.0,1997.0
390,2021/02/19,1297.0,74955.0,7331.0,59.0,526.0,18336.0,395114.0,639.0,1796.0
391,2021/02/20,1228.0,31579.0,7415.0,84.0,511.0,17841.0,396738.0,661.0,1624.0
392,2021/02/21,1029.0,14683.0,7472.0,57.0,510.0,17487.0,398066.0,671.0,1328.0
393,2021/02/22,739.0,54180.0,7527.0,55.0,491.0,16780.0,399624.0,642.0,1558.0
394,2021/02/23,1078.0,18324.0,7582.0,55.0,487.0,16109.0,401195.0,632.0,1571.0
395,2021/02/24,923.0,54702.0,7645.0,63.0,472.0,15313.0,403067.0,674.0,1872.0
396,2021/02/25,1064.0,59234.0,7720.0,75.0,457.0,14917.0,404392.0,740.0,1325.0
397,2021/02/26,1057.0,57864.0,7805.0,85.0,440.0,14463.0,405827.0,721.0,1435.0
398,2021/02/27,1208.0,29196.0,7858.0,53.0,434.0,14325.0,407124.0,726.0,1297.0
399,2021/02/28,994.0,19775.0,7885.0,27.0,436.0,14013.0,408407.0,706.0,1283.0
400,2021/03/01,684.0,60090.0,7931.0,46.0,413.0,13134.0,409917.0,676.0,1510.0
401,2021/03/02,887.0,82324.0,7982.0,51.0,407.0,12738.0,411132.0,689.0,1215.0
402,2021/03/03,1240.0,30168.0,8050.0,68.0,398.0,12380.0,412572.0,680.0,1440.0
403,2021/03/04,1168.0,68856.0,8117.0,67.0,388.0,12244.0,413818.0,705.0,1246.0
404,2021/03/05,1145.0,45153.0,8176.0,59.0,375.0,12120.0,415085.0,671.0,1267.0
405,2021/03/06,1045.0,31058.0,8225.0,49.0,373.0,12155.0,416050.0,679.0,965.0
406,2021/03/07,1061.0,14409.0,8251.0,26.0,380.0,12154.0,417018.0,721.0,968.0
407,2021/03/08,599.0,67917.0,8296.0,45.0,381.0,11734.0,418046.0,705.0,1028.0
408,2021/03/09,1125.0,40237.0,8350.0,54.0,364.0,11581.0,419201.0,693.0,1155.0
409,2021/03/10,1309.0,60152.0,8400.0,50.0,354.0,11648.0,420320.0,720.0,1119.0
410,2021/03/11,1315.0,56851.0,8449.0,49.0,354.0,11810.0,421391.0,719.0,1071.0
411,2021/03/12,1268.0,55562.0,8507.0,58.0,337.0,12058.0,422452.0,655.0,1061.0
412,2021/03/13,1317.0,31295.0,8558.0,51.0,328.0,12312.0,423426.0,656.0,974.0
413,2021/03/14,982.0,17266.0,8588.0,30.0,327.0,12279.0,424449.0,660.0,1023.0
414,2021/03/15,688.0,49870.0,8620.0,32.0,337.0,12128.0,425341.0,659.0,892.0
415,2021/03/16,1130.0,47776.0,8676.0,56.0,335.0,11964.0,426539.0,736.0,1198.0
416,2021/03/17,1520.0,84919.0,8715.0,39.0,325.0,12217.0,427650.0,644.0,1111.0
417,2021/03/18,1492.0,54899.0,8756.0,41.0,330.0,12570.0,428677.0,696.0,1027.0
418,2021/03/19,1453.0,71301.0,8788.0,32.0,332.0,12849.0,429877.0,646.0,1200.0
419,2021/03/20,1517.0,30658.0,8810.0,22.0,324.0,13302.0,430898.0,632.0,1021.0
420,2021/03/21,1110.0,16997.0,8833.0,23.0,324.0,13271.0,432017.0,643.0,1119.0
421,2021/03/22,817.0,51469.0,8859.0,26.0,320.0,13131.0,433099.0,661.0,1082.0
422,2021/03/23,1485.0,52715.0,8906.0,47.0,328.0,13325.0,434195.0,687.0,1096.0
423,2021/03/24,1924.0,59974.0,8936.0,30.0,325.0,13833.0,435429.0,661.0,1234.0
424,2021/03/25,1914.0,62645.0,8965.0,29.0,323.0,14571.0,436604.0,654.0,1175.0
425,2021/03/26,2030.0,67296.0,8996.0,31.0,331.0,15239.0,437918.0,632.0,1314.0
426,2021/03/27,2073.0,39591.0,9028.0,32.0,341.0,16162.0,438955.0,627.0,1037.0
427,2021/03/28,1753.0,18887.0,9058.0,30.0,342.0,16738.0,440085.0,645.0,1130.0
428,2021/03/29,1340.0,72179.0,9083.0,25.0,368.0,17059.0,441351.0,647.0,1266.0
429,2021/03/30,2077.0,41247.0,9110.0,27.0,382.0,17535.0,442735.0,691.0,1384.0
430,2021/03/31,2832.0,67435.0,9159.0,49.0,380.0,18669.0,444121.0,719.0,1386.0
431,2021/04/01,2598.0,65377.0,9182.0,23.0,394.0,20100.0,445420.0,734.0,1299.0
432,2021/04/02,2745.0,61146.0,9209.0,27.0,408.0,21409.0,446781.0,675.0,1361.0
433,2021/04/03,2755.0,41103.0,9217.0,8.0,431.0,22499.0,448304.0,721.0,1523.0
434,2021/04/04,2460.0,17189.0,9227.0,10.0,445.0,23347.0,449835.0,769.0,1531.0
435,2021/04/05,1554.0,60274.0,9245.0,18.0,451.0,23703.0,451727.0,793.0,1892.0
436,2021/04/06,2654.0,53019.0,9275.0,30.0,456.0,24360.0,453053.0,799.0,1326.0
437,2021/04/07,3460.0,58424.0,9297.0,22.0,464.0,25844.0,454710.0,842.0,1657.0
438,2021/04/08,3457.0,70959.0,9330.0,33.0,483.0,27362.0,456492.0,861.0,1782.0
439,2021/04/09,3511.0,67609.0,9350.0,20.0,511.0,28744.0,458645.0,898.0,2153.0
440,2021/04/10,3742.0,40924.0,9379.0,29.0,520.0,29558.0,461377.0,911.0,2732.0
441,2021/04/11,2848.0,22466.0,9397.0,18.0,563.0,30327.0,463547.0,991.0,2170.0
442,2021/04/12,2098.0,72260.0,9422.0,25.0,596.0,29885.0,466396.0,961.0,2849.0
443,2021/04/13,3444.0,65278.0,9466.0,44.0,608.0,30920.0,468621.0,1028.0,2225.0
444,2021/04/14,4302.0,73092.0,9497.0,31.0,631.0,32198.0,471170.0,1062.0,2549.0
445,2021/04/15,4570.0,82330.0,9535.0,38.0,670.0,34543.0,473345.0,1114.0,2175.0
446,2021/04/16,4519.0,77966.0,9581.0,46.0,702.0,36493.0,475966.0,975.0,2621.0
447,2021/04/17,4791.0,50503.0,9619.0,38.0,723.0,38600.0,478373.0,1077.0,2407.0
448,2021/04/18,4089.0,30571.0,9638.0,19.0,738.0,40425.0,480632.0,1125.0,2259.0
449,2021/04/19,2892.0,86696.0,9668.0,30.0,769.0,40714.0,483631.0,1159.0,2999.0
450,2021/04/20,4328.0,70951.0,9707.0,39.0,791.0,41907.0,486479.0,1194.0,2848.0
451,2021/04/21,5280.0,96428.0,9761.0,54.0,805.0,44048.0,489177.0,1253.0,2698.0
452,2021/04/22,5474.0,94257.0,9797.0,36.0,816.0,46115.0,492392.0,1355.0,3215.0
453,2021/04/23,5119.0,91286.0,9851.0,54.0,837.0,48065.0,495734.0,1122.0,3342.0
454,2021/04/24,5602.0,58221.0,9910.0,59.0,864.0,49674.0,499095.0,1259.0,3361.0
455,2021/04/25,4604.0,35886.0,9969.0,59.0,898.0,51167.0,502221.0,1330.0,3126.0
456,2021/04/26,3303.0,83925.0,10001.0,32.0,916.0,51606.0,505850.0,1393.0,3629.0
457,2021/04/27,4958.0,81048.0,10052.0,51.0,953.0,52439.0,509501.0,1404.0,3651.0
458,2021/04/28,5788.0,68106.0,10104.0,52.0,951.0,54098.0,512983.0,1623.0,3482.0
459,2021/04/29,5895.0,91921.0,10191.0,87.0,978.0,56169.0,516466.0,1718.0,3483.0
460,2021/04/30,4658.0,64494.0,10226.0,35.0,1020.0,57119.0,520644.0,1431.0,4178.0
461,2021/05/01,5990.0,68323.0,10293.0,67.0,1050.0,58722.0,524642.0,1487.0,3998.0
462,2021/05/02,5882.0,36217.0,10358.0,65.0,1084.0,60156.0,528470.0,1915.0,3828.0
463,2021/05/03,4458.0,44186.0,10416.0,58.0,1083.0,61292.0,532219.0,1887.0,3749.0
464,2021/05/04,4199.0,27746.0,10466.0,50.0,1114.0,61715.0,536321.0,2119.0,4102.0
465,2021/05/05,4055.0,67085.0,10513.0,47.0,1098.0,61716.0,539944.0,2308.0,3623.0
466,2021/05/06,4352.0,89586.0,10585.0,72.0,1131.0,62453.0,543410.0,2221.0,3466.0
467,2021/05/07,6032.0,109758.0,10698.0,113.0,1131.0,63315.0,548641.0,1669.0,5231.0
468,2021/05/08,7239.0,71001.0,10819.0,121.0,1144.0,64966.0,552740.0,2112.0,4099.0
469,2021/05/09,6491.0,41338.0,10872.0,53.0,1152.0,67038.0,556883.0,2853.0,4143.0
470,2021/05/10,4925.0,130677.0,10937.0,65.0,1177.0,68061.0,561452.0,2970.0,4569.0
471,2021/05/11,6237.0,97038.0,11060.0,123.0,1189.0,69255.0,565876.0,3114.0,4424.0
472,2021/05/12,7057.0,87073.0,11161.0,101.0,1214.0,70104.0,571211.0,3755.0,5335.0
473,2021/05/13,6866.0,122502.0,11251.0,90.0,1209.0,71144.0,576736.0,4041.0,5525.0
474,2021/05/14,6269.0,99676.0,11361.0,110.0,1231.0,72760.0,582055.0,3293.0,5319.0
475,2021/05/15,6420.0,66868.0,11459.0,98.0,1223.0,73424.0,587319.0,3417.0,5264.0
476,2021/05/16,5247.0,35948.0,11504.0,45.0,1227.0,73235.0,592451.0,3626.0,5132.0
477,2021/05/17,3676.0,95425.0,11620.0,116.0,1235.0,70565.0,599618.0,3683.0,7167.0
478,2021/05/18,5228.0,86352.0,11848.0,228.0,1293.0,68228.0,606339.0,4190.0,6721.0
479,2021/05/19,5811.0,149234.0,11939.0,91.0,1288.0,66835.0,612524.0,4517.0,6185.0
480,2021/05/20,5711.0,97287.0,12049.0,110.0,1294.0,66721.0,618796.0,4244.0,6272.0
481,2021/05/21,5250.0,117145.0,12158.0,109.0,1303.0,65752.0,625696.0,3594.0,6900.0
482,2021/05/22,5034.0,66583.0,12246.0,88.0,1304.0,64765.0,631273.0,3602.0,5577.0
483,2021/05/23,4035.0,35263.0,12308.0,62.0,1300.0,63968.0,637057.0,3267.0,5784.0
484,2021/05/24,2711.0,91616.0,12394.0,86.0,1294.0,61541.0,642319.0,3342.0,5262.0
485,2021/05/25,3896.0,70045.0,12492.0,98.0,1413.0,60260.0,647273.0,3195.0,4954.0
486,2021/05/26,4526.0,87089.0,12597.0,105.0,1371.0,59210.0,652354.0,3355.0,5081.0
487,2021/05/27,4131.0,116584.0,12710.0,113.0,1375.0,58515.0,656861.0,3452.0,4507.0
488,2021/05/28,3706.0,118523.0,12816.0,106.0,1383.0,56022.0,664062.0,2819.0,7201.0
489,2021/05/29,3587.0,57084.0,12917.0,101.0,1347.0,55439.0,668886.0,3066.0,4824.0
490,2021/05/30,2876.0,30097.0,12964.0,47.0,1349.0,53676.0,672990.0,2643.0,4104.0
491,2021/05/31,1786.0,83703.0,13045.0,81.0,1323.0,51512.0,677733.0,2446.0,4743.0
492,2021/06/01,2640.0,67394.0,13136.0,91.0,1284.0,49400.0,682468.0,2778.0,4735.0
493,2021/06/02,3031.0,76590.0,13241.0,105.0,1227.0,46897.0,687720.0,2473.0,5252.0
494,2021/06/03,2825.0,176379.0,13360.0,119.0,1198.0,45419.0,692101.0,2494.0,4381.0
495,2021/06/04,2586.0,98297.0,13445.0,85.0,1157.0,43211.0,696828.0,1989.0,4727.0
496,2021/06/05,2648.0,54184.0,13519.0,74.0,1131.0,42051.0,700609.0,2134.0,3781.0
497,2021/06/06,2017.0,26466.0,13570.0,51.0,1120.0,40992.0,703716.0,2110.0,3107.0
498,2021/06/07,1276.0,75134.0,13641.0,71.0,1099.0,39005.0,707280.0,1956.0,3564.0
499,2021/06/08,1883.0,62141.0,13739.0,98.0,1055.0,37068.0,710871.0,1917.0,3591.0
500,2021/06/09,2224.0,63215.0,13837.0,98.0,1015.0,35268.0,714925.0,2120.0,4054.0
501,2021/06/10,2044.0,74713.0,13903.0,66.0,942.0,33943.0,718300.0,1990.0,3375.0
502,2021/06/11,1934.0,99850.0,13972.0,69.0,890.0,32235.0,721837.0,1746.0,3537.0
503,2021/06/12,1941.0,51297.0,14028.0,56.0,852.0,31250.0,724762.0,1527.0,2925.0
504,2021/06/13,1384.0,25059.0,14066.0,38.0,849.0,30530.0,727478.0,2148.0,2716.0
505,2021/06/14,930.0,60314.0,14121.0,55.0,827.0,28228.0,730343.0,1608.0,2865.0
506,2021/06/15,1418.0,61213.0,14182.0,61.0,845.0,25809.0,733965.0,1526.0,3622.0
507,2021/06/16,1697.0,65986.0,14264.0,82.0,805.0,24317.0,737235.0,1704.0,3270.0
508,2021/06/17,1550.0,70606.0,14315.0,51.0,775.0,22969.0,739870.0,1481.0,2635.0
509,2021/06/18,1619.0,69009.0,14360.0,45.0,740.0,21134.0,743453.0,1555.0,3583.0
510,2021/06/19,1509.0,43013.0,14394.0,34.0,714.0,20257.0,745653.0,1484.0,2200.0
511,2021/06/20,1304.0,31414.0,14417.0,23.0,721.0,19778.0,747449.0,1618.0,1796.0
512,2021/06/21,864.0,58844.0,14449.0,32.0,697.0,18722.0,749446.0,1373.0,1997.0
513,2021/06/22,1432.0,52614.0,14491.0,42.0,646.0,18119.0,751347.0,1434.0,1901.0
514,2021/06/23,1775.0,62348.0,14548.0,57.0,629.0,17907.0,753300.0,1390.0,1953.0
515,2021/06/24,1669.0,60420.0,14593.0,45.0,590.0,17910.0,755178.0,1679.0,1878.0
516,2021/06/25,1705.0,89659.0,14621.0,28.0,577.0,17349.0,757227.0,1426.0,2049.0
517,2021/06/26,1619.0,43145.0,14652.0,31.0,567.0,17210.0,758887.0,1381.0,1660.0
518,2021/06/27,1280.0,21138.0,14665.0,13.0,564.0,17017.0,760339.0,1315.0,1452.0
519,2021/06/28,989.0,62615.0,14700.0,35.0,552.0,16531.0,761879.0,1285.0,1540.0
520,2021/06/29,1376.0,61916.0,14735.0,35.0,523.0,16159.0,763569.0,1343.0,1690.0
521,2021/06/30,1810.0,67576.0,14776.0,41.0,517.0,16272.0,765277.0,1468.0,1708.0
522,2021/07/01,1741.0,77063.0,14797.0,21.0,511.0,16249.0,766949.0,1342.0,1672.0
523,2021/07/02,1773.0,67044.0,14819.0,22.0,501.0,16192.0,768722.0,1334.0,1773.0
524,2021/07/03,1864.0,38122.0,14837.0,18.0,496.0,16350.0,770414.0,1342.0,1692.0
525,2021/07/04,1479.0,17098.0,14843.0,6.0,491.0,16199.0,771975.0,1301.0,1561.0
526,2021/07/05,1021.0,58706.0,14857.0,14.0,481.0,15739.0,773568.0,1278.0,1593.0
527,2021/07/06,1658.0,53956.0,14879.0,22.0,480.0,15423.0,775406.0,1303.0,1838.0
528,2021/07/07,2181.0,66486.0,14892.0,13.0,464.0,16127.0,776910.0,1370.0,1504.0
529,2021/07/08,2239.0,60703.0,14912.0,20.0,441.0,16629.0,778510.0,1303.0,1600.0
530,2021/07/09,2259.0,71192.0,14928.0,16.0,428.0,17015.0,780323.0,1324.0,1813.0
531,2021/07/10,2452.0,44123.0,14943.0,15.0,425.0,17906.0,781868.0,1325.0,1545.0
532,2021/07/11,2021.0,26094.0,14950.0,7.0,432.0,18332.0,783457.0,1316.0,1589.0
533,2021/07/12,1491.0,64222.0,14954.0,4.0,424.0,18354.0,785001.0,1300.0,1544.0
534,2021/07/13,2377.0,103897.0,14966.0,12.0,412.0,18873.0,786765.0,1311.0,1764.0
535,2021/07/14,3170.0,64174.0,14985.0,19.0,396.0,20047.0,788604.0,1428.0,1839.0
536,2021/07/15,3408.0,67513.0,15009.0,24.0,376.0,21555.0,790481.0,1424.0,1877.0
537,2021/07/16,3419.0,76436.0,15022.0,13.0,382.0,23244.0,792221.0,1380.0,1740.0
538,2021/07/17,3871.0,43473.0,15035.0,13.0,378.0,25121.0,794038.0,1490.0,1817.0
539,2021/07/18,3093.0,25835.0,15043.0,8.0,392.0,26315.0,795892.0,1531.0,1854.0
540,2021/07/19,2318.0,68952.0,15055.0,12.0,406.0,26612.0,798147.0,1411.0,2255.0
541,2021/07/20,3743.0,65964.0,15074.0,19.0,390.0,27797.0,800470.0,1471.0,2323.0
542,2021/07/21,4933.0,69363.0,15092.0,18.0,392.0,29973.0,802980.0,1656.0,2510.0
543,2021/07/22,5386.0,37605.0,15101.0,9.0,431.0,33006.0,805185.0,1715.0,2205.0
544,2021/07/23,4204.0,50137.0,15110.0,9.0,436.0,35017.0,807630.0,1622.0,2445.0
545,2021/07/24,3576.0,32099.0,15118.0,8.0,448.0,35436.0,810765.0,1640.0,3135.0
546,2021/07/25,5008.0,17654.0,15123.0,5.0,466.0,37223.0,813614.0,1819.0,2849.0
547,2021/07/26,4659.0,95137.0,15131.0,8.0,514.0,38793.0,816865.0,1828.0,3251.0
548,2021/07/27,7619.0,92345.0,15145.0,14.0,522.0,42267.0,820615.0,1882.0,3750.0
549,2021/07/28,9568.0,86528.0,15153.0,8.0,539.0,47829.0,824070.0,2272.0,3455.0
550,2021/07/29,10687.0,88769.0,15166.0,13.0,626.0,54401.0,827784.0,2372.0,3714.0
551,2021/07/30,10728.0,88920.0,15177.0,11.0,667.0,61513.0,831650.0,2392.0,3866.0
552,2021/07/31,12328.0,87700.0,15185.0,8.0,691.0,69183.0,835921.0,2521.0,4271.0
553,2021/08/01,10160.0,36604.0,15190.0,5.0,704.0,75631.0,839455.0,2579.0,3534.0
554,2021/08/02,8325.0,105130.0,15197.0,7.0,754.0,79573.0,844529.0,2446.0,5074.0
555,2021/08/03,12061.0,83159.0,15212.0,15.0,777.0,86144.0,849241.0,2742.0,4712.0
556,2021/08/04,14204.0,100583.0,15221.0,9.0,823.0,93685.0,855088.0,3383.0,5847.0
557,2021/08/05,15248.0,114844.0,15233.0,12.0,1020.0,102551.0,861398.0,3400.0,6310.0
558,2021/08/06,15624.0,112653.0,15248.0,15.0,1068.0,109705.0,870117.0,3070.0,8719.0
559,2021/08/07,15740.0,71501.0,15266.0,18.0,1138.0,117047.0,878196.0,3151.0,8079.0
560,2021/08/08,14457.0,41841.0,15273.0,7.0,1190.0,123044.0,886500.0,3377.0,8304.0
561,2021/08/09,12054.0,28421.0,15290.0,17.0,1230.0,126268.0,895692.0,3309.0,9192.0
562,2021/08/10,10566.0,126671.0,15304.0,14.0,1332.0,126674.0,906303.0,3058.0,10611.0
563,2021/08/11,15771.0,128856.0,15323.0,19.0,1404.0,129956.0,917418.0,3665.0,11115.0
564,2021/08/12,18893.0,110733.0,15351.0,28.0,1478.0,137246.0,927344.0,4641.0,9926.0
565,2021/08/13,20357.0,134540.0,15376.0,25.0,1521.0,145674.0,939796.0,4165.0,12452.0
566,2021/08/14,20133.0,81455.0,15393.0,17.0,1563.0,153626.0,951787.0,4282.0,11991.0
